schilder,gesehen

,2024-06-18 13:31:30
,2024-06-18 13:31:35
,2024-06-18 13:31:44
,2024-06-18 13:31:49
,2024-06-18 13:31:54
,2024-06-18 13:32:09
,2024-06-18 13:32:14
,2024-06-18 13:32:18
,2024-06-18 13:32:23
AABAA 00 ,2024-06-18 13:32:27
AAZAAOQ !,2024-06-18 13:32:31
AA ZAAOOO,2024-06-18 13:32:35
AAAAOOO,2024-06-18 13:32:56
,2024-06-18 13:33:01
,2024-06-18 13:33:13
AABAAOO,2024-06-18 13:33:21
,2024-06-18 13:33:34
,2024-06-18 13:33:39
,2024-06-18 13:33:43
,2024-06-18 13:33:48
,2024-06-18 13:33:53
AABAAooO,2024-06-18 13:33:57
,2024-06-18 13:34:02
,2024-06-18 13:39:27
,2024-06-18 13:39:32
,2024-06-18 13:39:36
,2024-06-18 13:39:40
ATI,2024-06-18 13:39:48
,2024-06-18 13:39:53
,2024-06-18 13:40:06
,2024-06-18 13:40:12
,2024-06-18 13:40:16
AAQ,2024-06-18 13:40:21
,2024-06-18 13:40:28
,2024-06-18 13:40:34
,2024-06-18 13:40:40
,2024-06-18 13:40:46
AATAAOOO,2024-06-18 13:40:52
,2024-06-18 13:40:58
,2024-06-18 13:41:02
,2024-06-18 13:41:06
,2024-06-18 13:41:11
AATAAOOO,2024-06-18 13:41:15
AATAA O0,2024-06-18 13:41:20
AATAAood,2024-06-18 13:41:24
,2024-06-18 13:41:50
,2024-06-18 13:41:55
,2024-06-18 13:42:11
,2024-06-18 13:42:15
,2024-06-18 13:42:31
"Aa""AA O0o",2024-06-18 13:42:34
44 O0o|,2024-06-18 13:42:38
[AA AA 00O,2024-06-18 13:42:43
[AA_AA O00,2024-06-18 13:42:53
AA_AA O00,2024-06-18 13:42:58
,2024-06-18 13:43:02
AA Q00,2024-06-18 13:43:05
Aa O00,2024-06-18 13:43:11
,2024-06-18 13:43:15
,2024-06-18 13:43:18
aktn),2024-06-18 13:43:23
AAAAOOQ,2024-06-18 13:56:47
AARAAOOO],2024-06-18 13:56:50
"LAA  44 000""",2024-06-18 13:56:58
,2024-06-18 13:57:05
AA 000,2024-06-18 13:57:07
,2024-06-18 13:57:12
LAA_AA 000],2024-06-18 13:57:15
AA _ AA O00|,2024-06-18 13:57:20
LAAIAAood],2024-06-18 13:57:25
LAAEAnooo],2024-06-18 13:57:30
"([[13, 15], [75, 15], [75, 31], [13, 31]], 'AA_AA 0oo]', 0.14063353830778808)",2024-06-18 14:02:52
"([[33, 13], [71, 13], [71, 27], [33, 27]], 'Aa 0oo', 0.3781056718066631)",2024-06-18 14:02:55
,2024-06-18 14:02:57
"([[44, 22], [96, 22], [96, 46], [44, 46]], '44 Ooo', 0.34244582262481427)",2024-06-18 14:03:01
"([[56, 12], [124, 12], [124, 36], [56, 36]], 'AA 000', 0.9412905448576819)",2024-06-18 14:03:05
"([[17, 13], [124, 13], [124, 40], [17, 40]], 'AAAA 000', 0.9428712686122575)",2024-06-18 14:03:08
"([[18, 12], [128, 12], [128, 38], [18, 38]], 'AAEAADOO]', 0.2971423269998548)",2024-06-18 14:03:12
"([[18, 12], [126, 12], [126, 38], [18, 38]], 'AAPAADOO', 0.28654128517774424)",2024-06-18 14:03:16
Wa,2024-06-18 14:06:26
,2024-06-18 14:06:32
AA 000,2024-06-18 14:06:34
Caa AA O0o,2024-06-18 14:06:38
Laa Aa ooo,2024-06-18 14:06:41
,2024-06-18 14:06:45
,2024-06-18 14:06:49
,2024-06-18 14:06:53
AAAAoo],2024-06-18 14:06:56
4A do0,2024-06-18 14:10:17
A4 0o0,2024-06-18 14:10:21
AA OoC,2024-06-18 14:10:26
AA Ou,2024-06-18 14:10:33
AA OOu,2024-06-18 14:10:36
,2024-06-18 14:10:48
SE XY,2024-06-18 14:10:51
,2024-06-18 14:13:54
Ilic,2024-06-18 14:13:56
,2024-06-18 14:13:59
U WE 520,2024-06-18 14:14:04
,2024-06-18 14:14:09
,2024-06-18 14:14:13
AATAAooo],2024-06-18 14:14:20
,2024-06-18 14:14:24
,2024-06-18 14:14:28
,2024-06-18 14:14:32
,2024-06-18 14:14:36
,2024-06-18 14:14:43
,2024-06-18 14:14:48
,2024-06-18 14:14:55
,2024-06-18 14:14:58
44 O00,2024-06-18 14:15:01
44 Aa O00,2024-06-18 14:15:06
Aa O00|,2024-06-18 14:15:11
LAAAAoo],2024-06-18 14:15:14
LAABAAOO,2024-06-18 14:15:18
,2024-06-18 14:18:24
AAAAoo],2024-06-18 14:18:28
,2024-06-18 14:18:32
,2024-06-18 14:18:39
,2024-06-18 14:18:42
,2024-06-18 14:18:46
AAAAooO},2024-06-18 14:18:55
,2024-06-18 14:18:59
"44 ""AA Q0o|",2024-06-18 14:23:36
,2024-06-18 14:23:40
,2024-06-18 14:23:44
~~OOO,2024-06-18 19:04:16
,2024-06-18 19:04:20
,2024-06-18 19:04:25
AAAAooo],2024-06-18 19:14:51
,2024-06-18 19:14:56
,2024-06-18 19:31:49
AA:AA 000,2024-06-18 19:35:11
AA : AA 000),2024-06-18 19:35:16
,2024-06-18 19:35:21
,2024-06-18 19:40:41
,2024-06-18 19:43:54
,2024-06-18 19:58:53
,2024-06-18 19:58:51
,2024-06-18 21:21:21
,2024-06-18 21:23:25
,2024-06-18 21:23:29
AADAADDQ],2024-06-18 21:23:33
AAEAADOO],2024-06-18 21:23:36
,2024-06-18 21:23:43
,2024-06-18 21:24:20
,2024-06-18 21:24:27
,2024-06-18 21:24:42
,2024-06-18 22:58:04
,2024-06-18 23:01:07
,2024-06-18 23:02:14
,2024-06-18 23:02:18
,2024-06-18 23:02:23
,2024-06-18 23:02:28
Aa:AA 0oo],2024-06-18 23:02:33
AAEAAOOO],2024-06-18 23:02:37
AACAAOOO,2024-06-18 23:02:40
AA SAA 000,2024-06-18 23:11:21
AASAA 000,2024-06-18 23:11:25
AASAA 00o,2024-06-18 23:11:29
AACAA 00o,2024-06-18 23:11:33
,2024-06-18 23:11:56
,2024-06-18 23:12:00
,2024-06-18 23:12:05
,2024-06-18 23:12:10
,2024-06-18 23:12:15
,2024-06-18 23:12:19
,2024-06-18 23:12:26
,2024-06-18 23:12:31
,2024-06-18 23:12:35
,2024-06-18 23:14:03
,2024-06-18 23:14:14
,2024-06-18 23:16:27
,2024-06-18 23:16:45
,2024-06-18 23:17:40
,2024-06-18 23:17:53
,2024-06-18 23:18:24
[ARIO,2024-06-18 23:20:14
ARHO,2024-06-18 23:20:25
IARHIO,2024-06-18 23:20:53
,2024-06-18 23:21:36
ARRZHO],2024-06-18 23:23:53
IAIUL,2024-06-18 23:23:58
[a],2024-06-18 23:24:03
ARIO,2024-06-18 23:24:09
IARWZI,2024-06-18 23:24:38
ARZHO,2024-06-18 23:25:11
'puadap eze,2024-06-18 23:26:20
AAooo,2024-06-18 23:44:23
"{2,091",2024-06-18 23:44:29
,2024-06-18 23:44:41
,2024-06-18 23:44:54
,2024-06-18 23:44:59
,2024-06-18 23:45:04
,2024-06-18 23:50:34
,2024-06-18 23:50:38
,2024-06-18 23:50:42
HB_DE 598,2024-06-18 23:51:11
HBSDE 598,2024-06-18 23:51:27
FBDE 598,2024-06-18 23:51:31
BBDE 598,2024-06-18 23:51:35
HBDE 598,2024-06-18 23:51:39
HBQDE 598,2024-06-18 23:51:44
HBDE 598,2024-06-18 23:51:48
,2024-06-19 00:01:24
,2024-06-19 00:01:29
,2024-06-19 00:01:34
,2024-06-19 00:01:38
,2024-06-19 00:01:40
,2024-06-19 00:01:41
HBDE 528,2024-06-19 00:01:51
HBDE598,2024-06-19 00:01:54
[BDE598,2024-06-19 00:05:34
RBD598,2024-06-19 00:05:39
HBDE528,2024-06-19 00:05:44
HBEDE 528,2024-06-19 00:05:52
,2024-06-19 00:05:57
HB. DE 598,2024-06-19 00:06:01
HBDE598,2024-06-19 00:11:03
4BDE528,2024-06-19 00:11:08
HB%DE528,2024-06-19 00:11:13
4B84E528,2024-06-19 00:11:18
HBDE528,2024-06-19 00:16:56
FBDE528,2024-06-19 00:17:00
HE'DE 528,2024-06-19 00:20:37
HBDE598,2024-06-19 00:20:41
HBDE528,2024-06-19 00:20:45
HBDE528,2024-06-19 00:20:49
HBDE528,2024-06-19 00:28:57
#BTE598,2024-06-19 00:28:59
HBDE52,2024-06-19 00:29:02
,2024-06-19 00:29:06
HBDE528,2024-06-19 00:29:10
HB%DE598,2024-06-19 00:38:48
HBEDE598,2024-06-19 00:38:51
,2024-06-19 00:38:56
,2024-06-19 00:39:02
,2024-06-19 00:39:10
,2024-06-19 00:42:22
HB0DE598,2024-06-19 00:42:27
[BM1E52,2024-06-19 00:42:31
HE  DE 598],2024-06-19 00:42:38
FB%DE598,2024-06-19 01:19:20
HBDE598,2024-06-19 01:19:24
HB8DE598,2024-06-19 01:19:28
HBDE 598,2024-06-19 01:19:32
HB8DE598,2024-06-19 01:19:36
HB DE 598|,2024-06-19 01:50:29
HBDE598,2024-06-19 01:50:33
[BDE52 ],2024-06-19 01:50:36
,2024-06-19 01:50:41
,2024-06-19 20:36:18
,2024-06-19 20:36:24
,2024-06-19 20:36:30
ttle,2024-06-19 20:36:33
,2024-06-19 20:36:40
,2024-06-19 20:36:42
,2024-06-19 20:36:50
,2024-06-19 20:41:09
,2024-06-19 20:41:16
,2024-06-19 20:41:27
FE-XE 666,2024-06-19 20:47:15
HE-XE_666,2024-06-19 20:47:20
REXE 666,2024-06-19 20:47:27
FEXE 666],2024-06-19 20:47:31
HE-XE_666,2024-06-19 21:19:51
HE-XE_666,2024-06-19 21:19:57
HEXE 666,2024-06-20 00:37:16
AE-Xe 6c:,2024-06-20 00:40:04
,2024-06-20 00:40:12
#EXE 666,2024-06-20 00:40:17
HE-XE 666,2024-06-20 02:22:08
#E-XE 666,2024-06-20 02:22:15
HE-XE_666,2024-06-20 02:22:23
HE-XE_666,2024-06-20 02:22:30
HE-XE_666,2024-06-20 02:22:38
RIF,2024-06-23 21:43:24
RIF,2024-06-23 21:45:12
RIF,2024-06-23 21:46:45
RISFF,2024-06-23 21:46:51
R-ISF,2024-06-23 21:46:53
R-IB JF,2024-06-23 21:46:56
R-IB3F,2024-06-23 21:46:59
R-1B3 JF,2024-06-23 21:47:02
,2024-06-23 21:47:03
R-B3F,2024-06-23 21:47:05
,2024-06-23 21:47:06
R-IBJ-JF,2024-06-23 21:47:08
RIBJ,2024-06-23 21:47:12
,2024-06-23 21:47:13
R-1B3-JF,2024-06-23 21:47:23
,2024-06-23 21:47:16
R-IB3-JF,2024-06-23 21:47:18
,2024-06-23 21:47:19
L656-XH,2024-06-23 21:55:41
L656XF,2024-06-23 21:56:30
H-644-LX,2024-06-23 22:00:51
H-644-LX,2024-06-23 22:00:54
RIF,2024-06-23 22:11:25
RIF,2024-06-23 22:12:53
RIF,2024-06-23 22:15:12
RIF,2024-06-23 22:18:03
RISFF,2024-06-23 22:18:06
R-ISF,2024-06-23 22:18:08
R-IB JF,2024-06-23 22:18:12
R-IB3F,2024-06-23 22:18:15
,2024-06-23 22:18:16
60,2024-06-23 22:18:17
R-1B3 JF,2024-06-23 22:18:20
,2024-06-23 22:18:21
R-B3F,2024-06-23 22:18:23
,2024-06-23 22:18:25
R-IBJ-JF,2024-06-23 22:18:27
,2024-06-23 22:18:28
,2024-06-23 22:18:28
RIBJ,2024-06-23 22:18:30
,2024-06-23 22:18:31
,2024-06-23 22:18:32
R-1B3-JF,2024-06-23 22:18:34
,2024-06-23 22:18:36
R-IB3-JF,2024-06-23 22:18:38
,2024-06-23 22:18:39
R-183-JF,2024-06-23 22:18:41
,2024-06-23 22:18:42
R-183-JF,2024-06-23 22:18:45
,2024-06-23 22:18:46
RIF,2024-06-23 22:33:31
RISFF,2024-06-23 22:33:37
R-ISF,2024-06-23 22:33:40
R-IB JF,2024-06-23 22:33:42
R-IB3F,2024-06-23 22:33:45
,2024-06-23 22:33:48
60,2024-06-23 22:33:49
R-1B3 JF,2024-06-23 22:33:51
,2024-06-23 22:33:52
R-B3F,2024-06-23 22:33:54
,2024-06-23 22:33:55
R-IBJ-JF,2024-06-23 22:33:57
,2024-06-23 22:33:59
,2024-06-23 22:34:00
RIBJ,2024-06-23 22:34:02
,2024-06-23 22:34:03
,2024-06-23 22:34:03
R-1B3-JF,2024-06-23 22:34:05
,2024-06-23 22:34:06
R-IB3-JF,2024-06-23 22:34:08
,2024-06-23 22:34:09
R-183-JF,2024-06-23 22:34:12
,2024-06-23 22:34:13
R-183-JF,2024-06-23 22:34:15
,2024-06-23 22:34:16
R-1B3-JF,2024-06-23 22:34:18
R-1B3-JF,2024-06-23 22:34:21
,2024-06-23 22:34:23
R-1B3-JF,2024-06-23 22:34:25
,2024-06-23 22:34:26
R-183-JF,2024-06-23 22:34:28
R-IB3-JF,2024-06-23 22:34:31
RIB3-JF,2024-06-23 22:34:35
R-IB3-J,2024-06-23 22:34:38
RIB3-JF,2024-06-23 22:34:40
R-183-JF,2024-06-23 22:34:43
R-183-JF,2024-06-23 22:34:46
R-183-JF,2024-06-23 22:34:49
R-183-JF,2024-06-23 22:34:52
R-183-JF,2024-06-23 22:34:55
RIF,2024-06-23 22:39:21
RISFF,2024-06-23 22:39:26
R-ISF,2024-06-23 22:39:29
R-IB JF,2024-06-23 22:39:32
R-IB3F,2024-06-23 22:39:35
,2024-06-23 22:39:36
60,2024-06-23 22:39:37
R-1B3 JF,2024-06-23 22:39:39
,2024-06-23 22:39:40
R-B3F,2024-06-23 22:39:43
,2024-06-23 22:39:44
R-IBJ-JF,2024-06-23 22:39:46
,2024-06-23 22:39:47
,2024-06-23 22:39:47
RIBJ,2024-06-23 22:39:49
,2024-06-23 22:39:50
,2024-06-23 22:39:50
R-1B3-JF,2024-06-23 22:39:52
,2024-06-23 22:39:53
R-IB3-JF,2024-06-23 22:39:56
,2024-06-23 22:39:57
R-183-JF,2024-06-23 22:39:58
,2024-06-23 22:39:59
R-183-JF,2024-06-23 22:40:01
,2024-06-23 22:40:02
R-1B3-JF,2024-06-23 22:40:04
R-1B3-JF,2024-06-23 22:40:08
,2024-06-23 22:40:09
R-1B3-JF,2024-06-23 22:40:11
,2024-06-23 22:40:12
R-183-JF,2024-06-23 22:40:14
RIF,2024-06-23 22:42:32
RISFF,2024-06-23 22:42:35
R-ISF,2024-06-23 22:42:38
R-IB JF,2024-06-23 22:42:42
R-IB3F,2024-06-23 22:42:44
,2024-06-23 22:42:45
60,2024-06-23 22:42:47
R-1B3 JF,2024-06-23 22:42:49
,2024-06-23 22:42:50
R-B3F,2024-06-23 22:42:52
,2024-06-23 22:42:53
R-IBJ-JF,2024-06-23 22:42:55
,2024-06-23 22:42:56
,2024-06-23 22:42:57
RIBJ,2024-06-23 22:42:59
,2024-06-23 22:42:59
,2024-06-23 22:43:00
R-1B3-JF,2024-06-23 22:43:02
,2024-06-23 22:43:03
R-IB3-JF,2024-06-23 22:43:06
,2024-06-23 22:43:07
R-183-JF,2024-06-23 22:43:09
,2024-06-23 22:43:10
R-183-JF,2024-06-23 22:43:12
RIF,2024-06-26 15:39:29
RISFF,2024-06-26 15:39:35
R-ISF,2024-06-26 15:39:38
R-IB JF,2024-06-26 15:39:41
